一级,二级,三级
套件,全棉系列,全棉系列
套件,全棉系列,水洗棉系列
套件,全棉系列,13372系列
套件,全棉系列,12868系列
套件,全棉系列,婚庆系列
套件,全棉系列,提花系列
套件,全棉系列,天丝系列
套件,全棉系列,化纤系列
套件,全棉系列,酒店系列
套件,全棉系列,三件套
套件,全棉系列,六件套
套件,全棉系列,多件套
套件,全棉系列,暖绒系列
套件,全棉系列,长绒棉系列
被子,全棉夏被,全棉夏被
被子,全棉夏被,水洗棉夏被
被子,全棉夏被,春秋被
被子,全棉夏被,天丝夏被
被子,全棉夏被,60天丝夏被
被子,全棉夏被,蚕丝被
被子,全棉夏被,棉花被
被子,全棉夏被,羽绒被
被子,全棉夏被,羊毛被
床垫,功能床垫,功能床垫
床垫,功能床垫,普通床垫
床垫,功能床垫,榻榻米床垫
床垫,功能床垫,慢回弹床垫
床垫,功能床垫,法莱绒床垫
床垫,功能床垫,珊瑚绒床垫
床垫,功能床垫,羊羔绒床垫
毯类,毛毯,毛毯
毯类,毛毯,电热毯
毯类,毛毯,珊瑚绒毯
毯类,毛毯,法兰绒毯
毯类,毛毯,拉舍尔毯
单件,床单,床单
单件,床单,床罩
单件,床单,床盖
单件,床单,床笠
单件,床单,床幔
单件,床单,床裙
单件,床单,睡袋
单件,床单,被套
单件,床单,枕套
夏凉,免安装蚊帐,免安装蚊帐
夏凉,免安装蚊帐,坐床式蚊帐
夏凉,免安装蚊帐,学生蚊帐
夏凉,免安装蚊帐,导轨蚊帐
夏凉,免安装蚊帐,宫廷蚊帐
夏凉,免安装蚊帐,蒙古包蚊帐
夏凉,免安装蚊帐,藤席
夏凉,免安装蚊帐,冰丝席
夏凉,免安装蚊帐,天丝软席
夏凉,免安装蚊帐,竹席
夏凉,免安装蚊帐,牛皮席
夏凉,免安装蚊帐,儿童凉席
家居,抱枕,抱枕
家居,抱枕,桌布
家居,抱枕,沙发垫
家居,抱枕,毛浴巾
家居,抱枕,拖鞋
家居,抱枕,睡衣
家居,抱枕,地垫
家居,抱枕,防尘罩
家居,抱枕,餐垫
枕芯,普通枕芯,普通枕芯
枕芯,普通枕芯,U型枕
枕芯,普通枕芯,乳胶枕
枕芯,普通枕芯,慢回弹枕芯
婴童,儿童帐篷,儿童帐篷
婴童,儿童帐篷,儿童床垫
婴童,儿童帐篷,被子
婴童,儿童帐篷,夏被
婴童,儿童帐篷,口水巾
婴童,儿童帐篷,连身衣
婴童,儿童帐篷,爬爬垫
婴童,儿童帐篷,防踢被
婴童,儿童帐篷,抱被
婴童,儿童帐篷,被套
婴童,儿童帐篷,床单
婴童,儿童帐篷,床围
婴童,儿童帐篷,蚊帐
婴童,儿童帐篷,凉席
婴童,儿童帐篷,套件
婴童,儿童帐篷,隔尿垫巾
面料,棉类面料,棉类面料
面料,棉类面料,涤类面料
面料,棉类面料,功能面料
面料,棉类面料,其他面料
辅料,包装,包装
辅料,包装,花边
辅料,包装,商标吊牌
辅料,包装,织带
辅料,包装,包边
辅料,包装,烫画烫钻
辅料,包装,拉链
辅料,包装,线
辅料,包装,其他
